fight,Jimmy,Mateo,agreement
1,fighter1,fighter2,Disagree
2,fighter2,fighter2,Agree
3,fighter1,fighter2,Disagree
4,fighter2,fighter2,Agree
5,fighter1,fighter2,Disagree
6,fighter2,fighter2,Agree
7,fighter2,fighter1,Disagree
8,fighter1,fighter2,Disagree
9,fighter2,fighter2,Agree
10,fighter2,fighter1,Disagree
11,fighter2,fighter2,Agree
12,fighter2,fighter1,Disagree
13,fighter2,fighter2,Agree
14,fighter2,fighter2,Agree
15,fighter2,fighter2,Agree
16,fighter1,fighter2,Disagree
17,fighter1,fighter1,Agree
18,fighter2,fighter1,Disagree
19,fighter2,fighter2,Agree
20,fighter1,fighter2,Disagree
21,fighter1,fighter1,Agree
22,fighter2,fighter1,Disagree
23,fighter2,fighter2,Agree
24,fighter1,fighter2,Disagree
25,fighter1,fighter1,Agree
26,fighter1,fighter2,Disagree
27,fighter2,fighter1,Disagree
28,fighter1,fighter2,Disagree
29,fighter2,fighter2,Agree
30,fighter1,fighter2,Disagree
31,fighter1,fighter1,Agree
32,fighter1,fighter2,Disagree
33,fighter1,fighter2,Disagree
34,fighter2,fighter2,Agree
35,fighter1,fighter1,Agree
36,fighter1,fighter1,Agree
37,fighter1,fighter1,Agree
38,fighter1,fighter1,Agree
39,fighter1,fighter2,Disagree
40,fighter2,fighter2,Agree
41,fighter1,fighter2,Disagree
42,fighter2,draw,Disagree
43,fighter2,fighter1,Disagree
44,fighter1,fighter2,Disagree
45,fighter2,fighter1,Disagree
46,fighter2,fighter2,Agree
47,fighter1,draw,Disagree
48,fighter2,fighter2,Agree
49,fighter1,fighter2,Disagree
50,fighter1,fighter2,Disagree
51,fighter2,fighter1,Disagree
52,fighter2,fighter2,Agree
53,fighter1,fighter1,Agree
54,fighter1,fighter1,Agree
55,fighter1,fighter1,Agree
56,fighter1,fighter1,Agree
57,fighter2,fighter2,Agree
58,fighter1,fighter1,Agree
59,fighter1,draw,Disagree
60,fighter2,fighter1,Disagree
61,fighter2,fighter1,Disagree
62,fighter2,fighter1,Disagree
63,fighter1,fighter2,Disagree
64,fighter2,fighter2,Agree
65,fighter2,fighter2,Agree
66,fighter1,fighter1,Agree
67,fighter2,fighter2,Agree
68,fighter1,fighter2,Disagree
69,fighter1,fighter2,Disagree
70,fighter2,fighter1,Disagree
71,fighter2,fighter2,Agree
72,fighter2,fighter2,Agree
73,fighter2,fighter2,Agree
74,fighter2,fighter1,Disagree
75,fighter2,fighter2,Agree
76,fighter1,draw,Disagree
77,fighter1,fighter1,Agree
78,fighter1,fighter2,Disagree
79,fighter1,fighter1,Agree
80,fighter1,fighter1,Agree
81,fighter1,fighter1,Agree
82,fighter1,fighter2,Disagree
83,fighter2,fighter2,Agree
84,fighter1,fighter1,Agree
85,fighter1,fighter2,Disagree
86,fighter2,fighter1,Disagree
87,fighter1,fighter2,Disagree
88,fighter2,fighter2,Agree
89,fighter2,fighter1,Disagree
90,fighter1,fighter2,Disagree
91,fighter1,fighter2,Disagree
92,fighter1,fighter2,Disagree
93,fighter1,fighter2,Disagree
94,fighter1,fighter1,Agree
95,fighter1,fighter1,Agree
96,fighter1,fighter2,Disagree
97,fighter1,fighter1,Agree
98,fighter1,fighter2,Disagree
99,fighter1,fighter2,Disagree
100,fighter1,fighter2,Disagree
101,fighter2,fighter1,Disagree
102,fighter1,fighter1,Agree
103,fighter2,fighter2,Agree
104,fighter1,fighter1,Agree
105,fighter1,fighter1,Agree
106,fighter2,fighter2,Agree
107,fighter2,fighter1,Disagree
108,fighter1,fighter1,Agree
109,fighter1,fighter1,Agree
110,fighter2,fighter2,Agree
111,fighter1,fighter2,Disagree
112,fighter1,fighter1,Agree
113,fighter1,fighter1,Agree
114,fighter1,fighter2,Disagree
115,fighter2,fighter2,Agree
116,fighter1,fighter1,Agree
117,fighter2,fighter1,Disagree
118,fighter2,fighter1,Disagree
119,fighter1,fighter2,Disagree
120,fighter2,fighter2,Agree
121,fighter2,fighter1,Disagree
122,fighter1,fighter1,Agree
123,fighter1,fighter2,Disagree
124,fighter2,fighter2,Agree
125,fighter1,fighter2,Disagree
126,fighter2,fighter2,Agree
127,fighter1,fighter2,Disagree
128,fighter1,fighter1,Agree
129,fighter2,fighter1,Disagree
130,fighter1,fighter1,Agree
131,fighter2,fighter1,Disagree
132,fighter2,fighter1,Disagree
133,fighter1,draw,Disagree
134,fighter2,fighter1,Disagree
135,fighter1,fighter2,Disagree
136,draw,fighter1,Disagree
137,fighter1,fighter2,Disagree
138,fighter1,fighter1,Agree
139,fighter1,fighter2,Disagree
140,fighter1,fighter2,Disagree
141,fighter2,fighter2,Agree
142,fighter2,fighter1,Disagree
143,fighter2,fighter2,Agree
144,fighter2,fighter1,Disagree
145,fighter1,fighter2,Disagree
146,fighter1,fighter1,Agree
147,fighter2,fighter1,Disagree
148,fighter2,fighter2,Agree
149,fighter2,fighter2,Agree
150,fighter1,fighter2,Disagree
151,fighter1,fighter2,Disagree
152,fighter2,fighter2,Agree
153,fighter2,fighter2,Agree
154,fighter2,fighter2,Agree
155,fighter2,fighter2,Agree
156,fighter2,fighter1,Disagree
157,fighter2,fighter1,Disagree
158,fighter1,fighter2,Disagree
159,fighter2,fighter1,Disagree
160,fighter1,fighter1,Agree
161,fighter2,fighter2,Agree
162,fighter2,fighter2,Agree
163,fighter1,fighter1,Agree
164,fighter1,fighter1,Agree
165,fighter1,fighter1,Agree
166,fighter1,fighter1,Agree
167,fighter2,fighter2,Agree
168,fighter1,fighter1,Agree
169,fighter1,fighter1,Agree
170,fighter1,draw,Disagree
171,fighter2,fighter1,Disagree
172,fighter1,fighter2,Disagree
173,fighter2,fighter2,Agree
174,fighter2,fighter2,Agree
175,fighter2,fighter1,Disagree
176,fighter2,fighter2,Agree
177,draw,fighter1,Disagree
178,fighter2,fighter2,Agree
179,fighter1,fighter2,Disagree
180,fighter2,fighter1,Disagree
181,fighter1,fighter2,Disagree
182,fighter2,fighter2,Agree
183,fighter2,fighter1,Disagree
184,fighter1,fighter2,Disagree
185,fighter2,fighter2,Agree
186,fighter1,fighter1,Agree
187,fighter2,fighter2,Agree
188,fighter2,fighter2,Agree
189,fighter2,fighter2,Agree
190,fighter1,fighter2,Disagree
191,fighter1,fighter2,Disagree
192,fighter2,fighter1,Disagree
193,draw,fighter2,Disagree
194,fighter1,fighter2,Disagree
195,fighter1,fighter1,Agree
196,fighter1,fighter2,Disagree
197,fighter2,fighter2,Agree
198,fighter2,fighter2,Agree
199,fighter2,fighter2,Agree
200,fighter1,fighter1,Agree
201,fighter1,fighter2,Disagree
202,fighter1,fighter1,Agree
203,fighter1,fighter1,Agree
204,fighter1,fighter1,Agree
205,fighter1,fighter1,Agree
206,fighter2,fighter1,Disagree
207,fighter2,fighter2,Agree
208,fighter2,fighter2,Agree
209,fighter1,fighter1,Agree
210,fighter1,fighter2,Disagree
211,fighter1,fighter1,Agree
212,fighter2,fighter1,Disagree
213,fighter2,fighter2,Agree
214,fighter1,fighter2,Disagree
215,fighter2,fighter2,Agree
216,fighter1,fighter2,Disagree
217,fighter2,fighter1,Disagree
218,fighter2,fighter2,Agree
219,fighter2,fighter2,Agree
220,fighter1,fighter2,Disagree
221,fighter1,fighter2,Disagree
222,fighter1,fighter1,Agree
223,fighter1,fighter1,Agree
224,fighter1,fighter1,Agree
225,fighter1,fighter2,Disagree
226,fighter1,fighter2,Disagree
227,fighter2,fighter2,Agree
228,fighter2,fighter2,Agree
229,fighter2,fighter1,Disagree
230,fighter1,fighter1,Agree
231,fighter2,fighter2,Agree
232,fighter2,fighter1,Disagree
233,fighter2,fighter2,Agree
234,fighter2,fighter1,Disagree
235,fighter2,fighter2,Agree
236,fighter1,fighter1,Agree
237,fighter1,fighter1,Agree
238,fighter1,fighter1,Agree
239,fighter2,fighter1,Disagree
240,fighter2,fighter2,Agree
241,fighter2,fighter2,Agree
242,fighter2,fighter2,Agree
243,fighter1,fighter1,Agree
244,fighter1,fighter1,Agree
245,fighter1,fighter2,Disagree
246,draw,fighter1,Disagree
247,fighter1,fighter1,Agree
248,fighter1,fighter2,Disagree
249,fighter2,fighter1,Disagree
250,fighter2,fighter1,Disagree
251,fighter1,fighter2,Disagree
252,fighter1,fighter2,Disagree
253,fighter1,fighter1,Agree
254,fighter1,fighter1,Agree
255,fighter2,fighter2,Agree
256,fighter2,fighter2,Agree
257,fighter1,fighter1,Agree
258,fighter2,fighter1,Disagree
259,fighter1,fighter1,Agree
260,fighter1,fighter1,Agree
261,fighter2,fighter1,Disagree
262,fighter1,fighter2,Disagree
263,fighter1,fighter2,Disagree
264,fighter1,fighter1,Agree
265,fighter1,fighter1,Agree
266,fighter2,fighter2,Agree
267,fighter1,fighter1,Agree
268,fighter2,fighter2,Agree
269,fighter1,fighter2,Disagree
270,fighter2,fighter2,Agree
271,fighter2,fighter2,Agree
272,fighter2,fighter1,Disagree
273,fighter2,fighter1,Disagree
274,fighter2,fighter2,Agree
275,fighter1,fighter2,Disagree
276,fighter1,fighter2,Disagree
277,fighter1,fighter2,Disagree
278,fighter1,fighter2,Disagree
279,fighter2,fighter2,Agree
280,fighter1,fighter2,Disagree
281,fighter1,fighter2,Disagree
282,fighter2,fighter2,Agree
283,fighter2,fighter1,Disagree
284,fighter1,fighter2,Disagree
285,fighter2,fighter2,Agree
286,fighter2,fighter2,Agree
287,fighter2,fighter2,Agree
288,fighter2,fighter1,Disagree
289,fighter1,fighter1,Agree
290,fighter1,fighter2,Disagree
291,fighter2,fighter2,Agree
292,fighter2,fighter2,Agree
293,fighter1,fighter2,Disagree
294,fighter1,fighter1,Agree
295,fighter2,fighter2,Agree
296,fighter1,fighter1,Agree
297,fighter1,fighter1,Agree
298,fighter1,fighter2,Disagree
299,fighter1,fighter2,Disagree
300,fighter1,fighter1,Agree
301,fighter1,fighter1,Agree
302,fighter2,fighter1,Disagree
303,fighter2,fighter1,Disagree
304,fighter1,fighter2,Disagree
305,fighter1,fighter2,Disagree
306,fighter1,fighter1,Agree
307,fighter2,fighter1,Disagree
308,fighter2,fighter2,Agree
309,fighter1,fighter1,Agree
310,fighter1,fighter1,Agree
311,fighter1,fighter1,Agree
312,fighter1,fighter2,Disagree
313,fighter2,fighter1,Disagree
314,fighter1,fighter1,Agree
315,fighter2,fighter1,Disagree
316,draw,fighter1,Disagree
317,fighter2,fighter1,Disagree
318,fighter1,fighter1,Agree
319,fighter1,fighter1,Agree
320,fighter1,fighter2,Disagree
321,fighter1,fighter1,Agree
322,fighter2,fighter2,Agree
323,fighter1,fighter2,Disagree
324,fighter2,fighter2,Agree
325,fighter1,fighter2,Disagree
326,fighter1,fighter2,Disagree
327,fighter1,fighter2,Disagree
328,fighter2,fighter1,Disagree
329,fighter2,fighter1,Disagree
330,fighter2,fighter1,Disagree
331,fighter1,fighter2,Disagree
332,fighter1,fighter2,Disagree
333,fighter2,fighter1,Disagree
334,fighter2,fighter2,Agree
335,fighter1,fighter1,Agree
336,fighter1,fighter1,Agree
337,fighter2,fighter1,Disagree
338,fighter2,fighter2,Agree
339,fighter1,fighter2,Disagree
340,fighter1,fighter2,Disagree
341,fighter1,fighter2,Disagree
342,fighter2,fighter2,Agree
343,fighter2,fighter2,Agree
344,fighter1,fighter1,Agree
345,fighter1,fighter2,Disagree
346,fighter1,fighter2,Disagree
347,fighter2,fighter1,Disagree
348,fighter1,fighter1,Agree
349,fighter1,fighter1,Agree
350,fighter1,fighter2,Disagree
351,fighter1,fighter2,Disagree
352,fighter1,fighter2,Disagree
353,fighter2,fighter1,Disagree
354,fighter1,fighter2,Disagree
355,fighter1,fighter1,Agree
356,fighter2,fighter2,Agree
357,fighter1,fighter1,Agree
358,draw,fighter2,Disagree
359,fighter2,fighter1,Disagree
360,fighter1,fighter2,Disagree
361,draw,fighter2,Disagree
362,fighter2,fighter2,Agree
363,fighter1,fighter2,Disagree
364,fighter2,fighter1,Disagree
365,fighter2,fighter1,Disagree
366,fighter1,fighter2,Disagree
367,fighter2,fighter2,Agree
368,fighter2,fighter2,Agree
369,fighter2,fighter1,Disagree
370,fighter2,fighter2,Agree
371,fighter1,fighter1,Agree
372,fighter1,fighter2,Disagree
373,fighter1,fighter2,Disagree
374,fighter1,fighter2,Disagree
375,fighter2,fighter1,Disagree
376,fighter1,fighter1,Agree
377,fighter1,fighter2,Disagree
378,fighter1,fighter1,Agree
379,fighter1,fighter2,Disagree
380,fighter2,fighter1,Disagree
381,fighter2,fighter2,Agree
382,fighter1,fighter1,Agree
383,fighter1,fighter1,Agree
384,fighter1,fighter1,Agree
385,fighter1,fighter1,Agree
386,fighter2,fighter1,Disagree
387,fighter1,draw,Disagree
388,fighter1,fighter2,Disagree
389,fighter2,fighter1,Disagree
390,fighter1,fighter2,Disagree
391,fighter1,fighter2,Disagree
392,fighter2,fighter2,Agree
393,fighter1,fighter1,Agree
394,fighter1,fighter1,Agree
395,fighter2,fighter2,Agree
396,fighter2,fighter2,Agree
397,fighter1,fighter1,Agree
398,fighter1,fighter2,Disagree
399,fighter1,fighter2,Disagree
400,draw,fighter1,Disagree
401,fighter1,fighter2,Disagree
402,fighter2,fighter2,Agree
403,fighter1,fighter2,Disagree
404,fighter1,fighter2,Disagree
405,fighter1,fighter2,Disagree
406,fighter2,fighter1,Disagree
407,fighter2,fighter1,Disagree
408,fighter2,fighter2,Agree
409,fighter1,fighter2,Disagree
410,fighter1,fighter1,Agree
411,fighter1,fighter2,Disagree
412,fighter1,fighter2,Disagree
413,fighter2,fighter1,Disagree
414,fighter1,fighter2,Disagree
415,fighter1,fighter2,Disagree
416,fighter2,fighter2,Agree
417,fighter1,fighter2,Disagree
418,fighter2,fighter2,Agree
419,fighter2,fighter2,Agree
420,fighter2,fighter1,Disagree
421,fighter1,fighter1,Agree
422,fighter1,fighter2,Disagree
423,fighter2,fighter1,Disagree
424,fighter1,fighter1,Agree
425,fighter1,fighter1,Agree
426,fighter2,fighter1,Disagree
427,fighter1,draw,Disagree
428,fighter2,fighter2,Agree
429,fighter2,fighter1,Disagree
430,fighter2,fighter2,Agree
431,fighter1,fighter2,Disagree
432,fighter1,fighter2,Disagree
433,fighter1,fighter1,Agree
434,fighter2,fighter2,Agree
435,draw,fighter2,Disagree
436,fighter2,fighter2,Agree
437,fighter2,draw,Disagree
438,fighter1,fighter1,Agree
439,fighter2,fighter2,Agree
440,fighter1,fighter1,Agree
441,fighter1,fighter2,Disagree
442,fighter1,fighter2,Disagree
443,fighter2,fighter1,Disagree
444,fighter1,fighter1,Agree
445,fighter2,fighter2,Agree
446,fighter2,fighter2,Agree
447,draw,fighter1,Disagree
448,fighter1,fighter2,Disagree
449,fighter2,fighter1,Disagree
450,fighter1,fighter1,Agree
451,fighter1,fighter2,Disagree
452,fighter2,fighter1,Disagree
453,fighter2,fighter1,Disagree
454,fighter1,fighter2,Disagree
455,fighter2,fighter1,Disagree
456,fighter1,fighter1,Agree
457,fighter1,fighter1,Agree
458,fighter2,fighter1,Disagree
459,fighter2,fighter1,Disagree
460,fighter1,fighter2,Disagree
461,fighter2,fighter1,Disagree
462,fighter2,fighter1,Disagree
463,fighter2,fighter2,Agree
464,fighter2,fighter2,Agree
465,fighter1,fighter2,Disagree
466,fighter1,fighter1,Agree
467,fighter2,fighter1,Disagree
468,fighter2,fighter2,Agree
469,fighter2,fighter1,Disagree
470,fighter1,fighter1,Agree
471,fighter2,fighter1,Disagree
472,fighter2,fighter1,Disagree
473,fighter2,fighter2,Agree
474,fighter1,fighter1,Agree
475,fighter2,draw,Disagree
476,fighter2,fighter2,Agree
477,fighter2,fighter2,Agree
478,fighter1,fighter2,Disagree
479,fighter1,fighter2,Disagree
480,fighter1,fighter2,Disagree
481,fighter2,fighter1,Disagree
482,fighter2,fighter1,Disagree
483,fighter1,fighter2,Disagree
484,fighter2,fighter2,Agree
485,fighter2,fighter2,Agree
486,fighter2,fighter2,Agree
487,fighter1,fighter1,Agree
488,fighter2,fighter2,Agree
489,draw,fighter1,Disagree
490,fighter1,fighter2,Disagree
491,fighter1,fighter1,Agree
492,fighter2,fighter2,Agree
493,fighter1,fighter2,Disagree
494,fighter1,fighter2,Disagree
495,fighter1,fighter2,Disagree
496,fighter2,fighter2,Agree
497,fighter2,fighter2,Agree
498,fighter1,fighter1,Agree
499,fighter2,fighter2,Agree
500,fighter1,fighter2,Disagree
501,fighter1,fighter1,Agree
502,fighter1,fighter2,Disagree
503,fighter1,fighter2,Disagree
504,fighter2,fighter1,Disagree
505,fighter1,fighter1,Agree
506,fighter1,fighter1,Agree
507,fighter2,fighter2,Agree
508,fighter2,fighter2,Agree
509,fighter1,fighter2,Disagree
510,fighter2,fighter2,Agree
511,fighter1,fighter1,Agree
512,fighter2,fighter2,Agree
513,fighter1,fighter1,Agree
514,fighter1,fighter2,Disagree
515,draw,fighter2,Disagree
516,fighter2,fighter1,Disagree
517,draw,fighter2,Disagree
518,fighter2,fighter2,Agree
519,fighter2,fighter2,Agree
520,fighter1,fighter1,Agree
521,fighter1,fighter2,Disagree
522,fighter2,fighter1,Disagree
523,fighter1,fighter1,Agree
524,fighter1,fighter2,Disagree
525,fighter1,fighter1,Agree
526,fighter2,fighter1,Disagree
527,fighter2,fighter2,Agree
528,fighter2,fighter1,Disagree
529,fighter1,fighter2,Disagree
530,fighter1,fighter1,Agree
531,draw,fighter1,Disagree
532,fighter1,fighter1,Agree
533,fighter2,fighter1,Disagree
534,fighter2,fighter2,Agree
535,fighter1,fighter2,Disagree
536,fighter2,fighter2,Agree
537,fighter2,fighter2,Agree
538,fighter2,fighter2,Agree
539,fighter1,fighter1,Agree
540,fighter2,fighter1,Disagree
541,fighter1,fighter1,Agree
542,fighter2,fighter2,Agree
543,fighter1,fighter2,Disagree
544,fighter2,fighter1,Disagree
545,fighter2,fighter2,Agree
546,fighter2,fighter1,Disagree
547,fighter2,fighter2,Agree
548,fighter1,fighter1,Agree
549,fighter2,fighter2,Agree
550,fighter1,fighter1,Agree
551,fighter1,fighter2,Disagree
552,fighter2,fighter2,Agree
553,fighter1,fighter1,Agree
554,fighter2,fighter1,Disagree
555,draw,fighter2,Disagree
556,fighter1,fighter2,Disagree
557,fighter2,fighter2,Agree
558,fighter2,fighter1,Disagree
559,fighter2,fighter1,Disagree
560,fighter1,fighter1,Agree
561,fighter2,fighter1,Disagree
562,fighter2,fighter2,Agree
563,fighter1,fighter2,Disagree
564,fighter2,fighter2,Agree
565,fighter1,fighter2,Disagree
566,fighter2,fighter2,Agree
567,fighter1,fighter1,Agree
568,fighter1,fighter2,Disagree
569,fighter2,fighter1,Disagree
570,fighter1,fighter2,Disagree
571,fighter1,fighter1,Agree
572,fighter1,fighter1,Agree
573,fighter2,fighter2,Agree
574,fighter1,fighter2,Disagree
575,fighter1,fighter1,Agree
576,fighter2,fighter1,Disagree
577,fighter1,fighter1,Agree
578,fighter2,fighter2,Agree
579,fighter1,fighter1,Agree
580,fighter1,fighter1,Agree
581,fighter2,fighter1,Disagree
582,fighter1,fighter2,Disagree
583,fighter2,fighter2,Agree
584,fighter1,fighter1,Agree
585,fighter2,fighter2,Agree
586,fighter2,fighter2,Agree
587,fighter1,fighter1,Agree
588,fighter2,fighter2,Agree
589,fighter1,fighter2,Disagree
590,fighter2,fighter1,Disagree
591,fighter1,fighter2,Disagree
592,fighter2,fighter1,Disagree
593,fighter2,fighter1,Disagree
594,fighter1,fighter1,Agree
595,fighter2,fighter1,Disagree
596,fighter2,fighter2,Agree
597,fighter1,fighter2,Disagree
598,fighter2,fighter2,Agree
599,draw,fighter2,Disagree
600,fighter2,fighter2,Agree
601,fighter1,fighter1,Agree
602,fighter2,fighter2,Agree
603,fighter1,fighter2,Disagree
604,draw,fighter1,Disagree
605,fighter1,fighter1,Agree
606,fighter2,fighter2,Agree
607,fighter2,fighter2,Agree
608,fighter2,fighter2,Agree
609,fighter1,fighter1,Agree
610,fighter2,draw,Disagree
611,fighter1,fighter2,Disagree
612,fighter1,fighter1,Agree
613,fighter2,fighter2,Agree
614,fighter2,fighter2,Agree
615,fighter1,fighter2,Disagree
616,fighter2,fighter2,Agree
617,fighter2,fighter1,Disagree
618,fighter1,fighter2,Disagree
619,fighter2,fighter2,Agree
620,fighter2,fighter1,Disagree
621,fighter2,fighter2,Agree
622,fighter2,fighter1,Disagree
623,fighter2,fighter2,Agree
624,fighter1,fighter1,Agree
625,fighter1,fighter2,Disagree
626,fighter1,fighter2,Disagree
627,fighter1,fighter1,Agree
628,fighter2,fighter1,Disagree
629,fighter1,fighter1,Agree
630,fighter2,fighter2,Agree
631,draw,fighter2,Disagree
632,fighter2,fighter1,Disagree
633,fighter1,fighter2,Disagree
634,fighter1,fighter1,Agree
635,fighter2,fighter1,Disagree
636,fighter1,fighter2,Disagree
637,fighter1,fighter2,Disagree
638,fighter1,fighter1,Agree
639,fighter1,fighter2,Disagree
640,fighter1,fighter1,Agree
641,fighter1,fighter2,Disagree
642,fighter1,fighter2,Disagree
643,fighter1,fighter2,Disagree
644,fighter2,fighter2,Agree
645,fighter2,fighter2,Agree
646,fighter1,fighter1,Agree
647,fighter1,fighter2,Disagree
648,fighter1,fighter1,Agree
649,fighter2,fighter2,Agree
650,fighter1,fighter1,Agree
651,fighter2,fighter1,Disagree
652,fighter2,fighter1,Disagree
653,fighter1,fighter2,Disagree
654,fighter2,fighter1,Disagree
655,fighter2,fighter1,Disagree
656,fighter1,fighter1,Agree
657,fighter1,fighter1,Agree
658,fighter2,fighter1,Disagree
659,fighter1,fighter1,Agree
660,fighter1,fighter2,Disagree
661,fighter2,fighter2,Agree
662,fighter2,fighter1,Disagree
663,fighter2,fighter2,Agree
664,fighter1,fighter1,Agree
665,fighter2,fighter1,Disagree
666,fighter2,fighter2,Agree
667,fighter1,fighter2,Disagree
668,fighter2,fighter2,Agree
669,fighter1,fighter1,Agree
670,fighter2,fighter1,Disagree
671,fighter1,fighter2,Disagree
672,fighter2,fighter2,Agree
673,fighter1,fighter1,Agree
674,fighter2,fighter1,Disagree
675,fighter2,fighter2,Agree
676,fighter2,fighter2,Agree
677,fighter2,fighter1,Disagree
678,fighter2,fighter2,Agree
679,fighter2,fighter2,Agree
680,fighter2,fighter2,Agree
681,fighter2,fighter1,Disagree
682,fighter1,fighter1,Agree
683,fighter1,fighter2,Disagree
684,fighter2,fighter2,Agree
685,draw,fighter1,Disagree
686,draw,fighter1,Disagree
687,fighter2,fighter1,Disagree
688,fighter1,fighter2,Disagree
689,fighter2,fighter2,Agree
690,fighter2,fighter1,Disagree
691,fighter1,fighter2,Disagree
692,fighter2,fighter2,Agree
693,fighter1,fighter1,Agree
694,fighter2,fighter1,Disagree
695,fighter1,fighter1,Agree
696,fighter1,fighter1,Agree
697,fighter1,fighter2,Disagree
698,fighter2,fighter2,Agree
699,fighter1,fighter2,Disagree
700,fighter1,fighter1,Agree
701,fighter2,fighter2,Agree
702,fighter2,fighter2,Agree
703,fighter1,fighter2,Disagree
704,fighter2,fighter1,Disagree
705,fighter2,fighter1,Disagree
706,fighter1,fighter1,Agree
707,fighter2,fighter2,Agree
708,fighter2,fighter2,Agree
709,fighter2,fighter2,Agree
710,fighter1,fighter1,Agree
711,fighter1,fighter1,Agree
712,fighter2,fighter2,Agree
713,fighter2,fighter1,Disagree
714,fighter2,fighter2,Agree
715,fighter1,fighter2,Disagree
716,fighter1,fighter2,Disagree
717,fighter2,fighter2,Agree
718,fighter1,fighter2,Disagree
719,fighter2,fighter2,Agree
720,fighter1,fighter1,Agree
721,fighter2,fighter1,Disagree
722,fighter2,fighter1,Disagree
723,fighter2,fighter2,Agree
724,fighter2,fighter1,Disagree
725,fighter2,fighter2,Agree
726,fighter2,fighter1,Disagree
727,fighter1,fighter1,Agree
728,fighter2,fighter2,Agree
729,fighter1,fighter2,Disagree
730,fighter2,fighter2,Agree
731,fighter2,fighter2,Agree
732,fighter2,fighter2,Agree
733,fighter1,fighter2,Disagree
734,fighter1,fighter1,Agree
735,fighter2,fighter1,Disagree
736,fighter1,fighter2,Disagree
737,fighter2,fighter1,Disagree
738,fighter1,fighter2,Disagree
739,fighter2,fighter1,Disagree
740,fighter1,fighter2,Disagree
741,fighter1,fighter2,Disagree
742,fighter1,fighter1,Agree
743,fighter1,fighter2,Disagree
744,fighter1,fighter1,Agree
745,fighter2,fighter2,Agree
746,fighter2,fighter2,Agree
747,fighter2,fighter1,Disagree
748,fighter1,fighter2,Disagree
749,fighter1,fighter1,Agree
750,fighter1,fighter1,Agree
751,fighter1,fighter1,Agree
752,fighter2,fighter1,Disagree
753,fighter1,fighter2,Disagree
754,fighter2,fighter1,Disagree
755,fighter2,fighter1,Disagree
756,fighter2,fighter2,Agree
757,fighter2,fighter1,Disagree
758,fighter2,fighter2,Agree
759,fighter2,fighter2,Agree
760,fighter2,fighter2,Agree
761,draw,fighter1,Disagree
762,fighter1,fighter1,Agree
763,fighter1,fighter1,Agree
764,fighter1,fighter2,Disagree
765,fighter1,fighter2,Disagree
766,fighter2,fighter1,Disagree
767,fighter1,fighter1,Agree
768,fighter2,fighter1,Disagree
769,fighter2,fighter2,Agree
770,fighter2,fighter1,Disagree
771,fighter2,fighter2,Agree
772,draw,fighter1,Disagree
773,fighter2,fighter2,Agree
774,fighter1,fighter2,Disagree
775,fighter2,fighter2,Agree
776,fighter1,fighter2,Disagree
777,fighter1,fighter1,Agree
778,fighter2,fighter2,Agree
779,fighter1,fighter1,Agree
780,fighter1,fighter1,Agree
781,fighter2,fighter1,Disagree
782,fighter1,fighter1,Agree
783,fighter2,fighter2,Agree
784,fighter1,fighter1,Agree
785,fighter1,fighter2,Disagree
786,fighter1,fighter2,Disagree
787,fighter1,fighter1,Agree
788,fighter2,fighter2,Agree
789,fighter2,fighter2,Agree
790,fighter1,fighter2,Disagree
791,fighter1,fighter1,Agree
792,fighter2,fighter1,Disagree
793,fighter2,fighter1,Disagree
794,fighter1,fighter1,Agree
795,fighter1,fighter1,Agree
796,fighter1,fighter1,Agree
797,fighter2,fighter2,Agree
798,fighter2,fighter2,Agree
799,fighter1,fighter2,Disagree
800,fighter2,draw,Disagree
801,fighter1,fighter1,Agree
802,draw,fighter1,Disagree
803,fighter2,fighter2,Agree
804,fighter2,fighter1,Disagree
805,fighter1,fighter2,Disagree
806,fighter2,fighter1,Disagree
807,fighter2,fighter2,Agree
808,fighter2,fighter1,Disagree
809,fighter2,fighter1,Disagree
810,fighter2,fighter2,Agree
811,fighter2,fighter1,Disagree
812,fighter2,fighter1,Disagree
813,fighter1,fighter2,Disagree
814,fighter1,fighter1,Agree
815,fighter1,fighter2,Disagree
816,fighter1,fighter1,Agree
817,fighter2,fighter2,Agree
818,fighter2,fighter2,Agree
819,fighter2,fighter1,Disagree
820,fighter1,fighter2,Disagree
821,fighter2,fighter1,Disagree
822,fighter1,fighter2,Disagree
823,fighter2,fighter1,Disagree
824,fighter2,fighter2,Agree
825,fighter1,fighter2,Disagree
826,fighter2,fighter2,Agree
827,fighter1,fighter1,Agree
828,fighter2,fighter2,Agree
829,fighter2,fighter1,Disagree
830,fighter2,fighter2,Agree
831,fighter1,fighter1,Agree
832,fighter2,fighter1,Disagree
833,fighter1,fighter2,Disagree
834,fighter2,fighter2,Agree
835,fighter2,fighter2,Agree
836,fighter2,fighter2,Agree
837,fighter2,fighter2,Agree
838,fighter1,fighter2,Disagree
839,fighter2,fighter2,Agree
840,fighter1,fighter1,Agree
841,fighter2,fighter2,Agree
842,fighter2,fighter2,Agree
843,fighter1,fighter1,Agree
844,fighter1,fighter1,Agree
845,fighter1,fighter1,Agree
846,fighter2,fighter1,Disagree
847,fighter2,fighter1,Disagree
848,fighter1,fighter2,Disagree
849,fighter1,fighter1,Agree
850,fighter2,fighter1,Disagree
851,fighter2,fighter1,Disagree
852,fighter2,fighter1,Disagree
853,fighter1,fighter2,Disagree
854,fighter1,fighter2,Disagree
855,fighter1,fighter2,Disagree
856,fighter2,fighter1,Disagree
857,fighter2,fighter1,Disagree
858,fighter1,fighter2,Disagree
859,fighter1,fighter1,Agree
860,fighter2,fighter1,Disagree
861,draw,fighter1,Disagree
862,fighter2,fighter2,Agree
863,fighter2,fighter2,Agree
864,fighter2,fighter1,Disagree
865,fighter1,fighter2,Disagree
866,fighter2,fighter1,Disagree
867,fighter1,fighter1,Agree
868,fighter1,fighter2,Disagree
869,fighter2,fighter1,Disagree
870,fighter2,fighter1,Disagree
871,fighter1,fighter1,Agree
872,fighter2,fighter2,Agree
873,fighter1,fighter2,Disagree
874,fighter2,fighter1,Disagree
875,fighter1,fighter1,Agree
876,fighter2,draw,Disagree
877,fighter1,fighter1,Agree
878,fighter1,fighter2,Disagree
879,fighter2,fighter2,Agree
880,fighter2,fighter2,Agree
881,fighter1,fighter2,Disagree
882,fighter1,fighter1,Agree
883,fighter2,fighter1,Disagree
884,fighter1,fighter2,Disagree
885,fighter1,fighter2,Disagree
886,fighter2,fighter2,Agree
887,fighter2,fighter2,Agree
888,fighter1,fighter1,Agree
889,fighter1,fighter2,Disagree
890,fighter2,fighter1,Disagree
891,fighter1,fighter2,Disagree
892,fighter2,fighter1,Disagree
893,fighter1,fighter1,Agree
894,fighter1,fighter2,Disagree
895,fighter1,fighter1,Agree
896,fighter2,fighter2,Agree
897,fighter1,fighter2,Disagree
898,fighter1,fighter1,Agree
899,fighter1,fighter1,Agree
900,fighter1,fighter2,Disagree
901,fighter1,fighter2,Disagree
902,fighter2,fighter2,Agree
903,fighter1,fighter1,Agree
904,fighter1,fighter2,Disagree
905,fighter2,fighter2,Agree
906,fighter2,fighter2,Agree
907,fighter1,fighter1,Agree
908,fighter2,fighter1,Disagree
909,fighter2,fighter2,Agree
910,fighter1,fighter1,Agree
911,fighter2,fighter1,Disagree
912,fighter2,fighter1,Disagree
913,fighter2,fighter2,Agree
914,draw,fighter2,Disagree
915,fighter1,fighter1,Agree
916,fighter2,fighter1,Disagree
917,fighter2,fighter2,Agree
918,fighter2,fighter1,Disagree
919,fighter1,fighter2,Disagree
920,fighter1,fighter2,Disagree
921,fighter2,fighter2,Agree
922,fighter1,fighter1,Agree
923,fighter2,fighter1,Disagree
924,fighter2,fighter2,Agree
925,fighter1,fighter2,Disagree
926,fighter2,fighter2,Agree
927,fighter2,fighter2,Agree
928,fighter1,fighter2,Disagree
929,fighter1,fighter2,Disagree
930,fighter2,fighter2,Agree
931,fighter2,fighter2,Agree
932,fighter2,fighter2,Agree
933,fighter1,fighter1,Agree
934,fighter1,fighter2,Disagree
935,draw,fighter1,Disagree
936,fighter2,fighter2,Agree
937,fighter2,fighter1,Disagree
938,fighter2,fighter1,Disagree
939,fighter2,fighter1,Disagree
940,fighter1,fighter2,Disagree
941,fighter2,fighter1,Disagree
942,fighter2,fighter2,Agree
943,fighter2,fighter1,Disagree
944,fighter2,fighter1,Disagree
945,fighter1,fighter1,Agree
946,fighter1,fighter1,Agree
947,draw,fighter2,Disagree
948,fighter1,fighter2,Disagree
949,fighter2,fighter1,Disagree
950,fighter2,fighter2,Agree
951,fighter2,fighter1,Disagree
952,fighter1,fighter2,Disagree
953,fighter2,fighter1,Disagree
954,fighter2,fighter2,Agree
955,fighter2,fighter2,Agree
956,fighter1,fighter1,Agree
957,fighter1,fighter2,Disagree
958,fighter1,fighter2,Disagree
959,fighter1,fighter2,Disagree
960,fighter2,fighter1,Disagree
961,fighter2,fighter2,Agree
962,fighter1,fighter2,Disagree
963,fighter2,fighter2,Agree
964,fighter1,fighter2,Disagree
965,fighter2,fighter1,Disagree
966,fighter2,fighter2,Agree
967,fighter2,fighter1,Disagree
968,fighter1,fighter1,Agree
969,fighter1,fighter2,Disagree
970,fighter2,fighter1,Disagree
971,fighter1,fighter1,Agree
972,fighter2,fighter1,Disagree
973,fighter1,fighter1,Agree
974,fighter1,fighter2,Disagree
975,fighter2,fighter2,Agree
976,fighter1,fighter1,Agree
977,fighter2,fighter1,Disagree
978,fighter2,fighter2,Agree
979,fighter2,fighter1,Disagree
980,fighter2,fighter1,Disagree
981,fighter2,fighter1,Disagree
982,fighter2,fighter2,Agree
983,fighter1,fighter2,Disagree
984,fighter1,fighter1,Agree
985,draw,fighter2,Disagree
986,fighter1,fighter1,Agree
987,fighter2,fighter1,Disagree
988,fighter1,fighter1,Agree
989,fighter1,fighter2,Disagree
990,fighter1,fighter2,Disagree
991,fighter2,fighter1,Disagree
992,fighter1,fighter1,Agree
993,fighter1,fighter2,Disagree
994,fighter2,fighter1,Disagree
995,fighter2,fighter1,Disagree
996,fighter1,fighter2,Disagree
997,fighter2,fighter1,Disagree
998,fighter2,fighter2,Agree
999,fighter1,fighter2,Disagree
1000,fighter1,fighter2,Disagree
